0	/location/country/form_of_government	P122	basic form of government	subject's government
1	/tv/tv_program/regular_cast./tv/regular_tv_appearance/actor	P161	cast member	actor in the subject production [use "character role" (P453) and/or "name of the character role" (P4633) as qualifiers] [use "voice actor" (P725) for voice-only role]. tv, tv program, regular cast, tv, regular tv appearance, actor.
2	/media_common/netflix_genre/titles	P136	genre	creative work's genre or an artist's field of work (P101). Use main subject (P921) to relate creative works to their topic. media common, netflix genre, titles.
3	/award/award_winner/awards_won./award/award_honor/award_winner	None	None	award, award winner, awards won, award, award honor, award winner.
4	/soccer/football_team/current_roster./sports/sports_team_roster/position	None	None	soccer, football team, current roster, sports, sports team roster, position.
5	/soccer/football_team/current_roster./soccer/football_roster_position/position	None	None	soccer, football team, current roster, soccer, football roster position, position.
6	/film/actor/film./film/performance/film	P800	notable work	notable scientific, artistic or literary work, or other work of significance among subject's works. film, actor, film, film, performance, film.
7	/award/award_category/nominees./award/award_nomination/nominated_for	P1411	nominated for	award nomination received by a person, organisation or creative work (inspired from "award received" (Property:P166)). award, award category, nominees, award, award nomination, nominated for.
8	/award/award_nominee/award_nominations./award/award_nomination/award_nominee	P4353	nominated by	who nominated a person for an office or award; can be used as a qualifier
9	/music/performance_role/regular_performances./music/group_membership/role	None	None	music, performance role, regular performances, music, group membership, role.
10	/award/award_category/winners./award/award_honor/ceremony	None	None	award, award category, winners, award, award honor, ceremony.
11	/film/film/release_date_s./film/film_regional_release_date/film_release_distribution_medium	P437	distribution format	method (or type) of distribution for the subject. film, film, release date s, film, film regional release date, film release distribution medium.
12	/award/award_winning_work/awards_won./award/award_honor/award_winner	P2553	in work	qualifier of award received and nominated for (P1411) to specify in which creative work the awarded or nominated creative work appeared causing the nomination/award win
13	/film/film/release_date_s./film/film_regional_release_date/film_release_region	P495	country of origin	country of origin of this item (creative work, food, phrase, product, etc.). film, film, release date s, film, film regional release date, film release region.
14	/film/film/language	P364	original language of film or TV show	language in which a film or a performance work was originally created. Deprecated for written works and songs; use P407 ("language of work or name") instead.. film, film, language.
15	/location/location/contains	P150	contains administrative territorial entity	(list of) direct subdivisions of an administrative territorial entity. location, location, contains.
16	/organization/organization/headquarters./location/mailing_address/country	P17	country	sovereign state of this item (not to be used for human beings). organization, organization, headquarters, location, mailing address, country.
17	/people/person/profession	P106	occupation	occupation of a person; see also "field of work" (Property:P101), "position held" (Property:P39). people, person, profession.
18	/location/statistical_region/religions./location/religion_percentage/religion	P3075	official religion	official religion in this administrative entity
19	/award/award_nominee/award_nominations./award/award_nomination/award	P1411	nominated for	award nomination received by a person, organisation or creative work (inspired from "award received" (Property:P166)). award, award nominee, award nominations, award, award nomination, award.
20	/music/genre/artists	P737	influenced by	this person, idea, etc. is informed by that other person, idea, etc., e.g. “Heidegger was influenced by Aristotle”. music, genre, artists.
21	/influence/influence_node/influenced_by	P737	influenced by	this person, idea, etc. is informed by that other person, idea, etc., e.g. “Heidegger was influenced by Aristotle”. influence, influence node, influenced by.
22	/education/educational_institution/students_graduates./education/education/student	P69	educated at	educational institution attended by subject
23	/organization/organization_member/member_of./organization/organization_membership/organization	P463	member of	organization, club or musical group to which the subject belongs. Do not use for membership in ethnic or social groups, nor for holding a position such as a member of parliament (use P39 for that).. organization, organization member, member of, organization, organization membership, organization.
24	/people/person/place_of_birth	P19	place of birth	most specific known (e.g. city instead of country, or hospital instead of city) birth location of a person, animal or fictional character. people, person, place of birth.
25	/common/topic/webpage./common/webpage/category	None	None	common, topic, webpage, common, webpage, category.
26	/film/film/other_crew./film/film_crew_gig/film_crew_role	None	None	film, film, other crew, film, film crew gig, film crew role.
27	/award/award_ceremony/awards_presented./award/award_honor/award_winner	P1346	winner	winner of a competition or similar event - do not use  on award items. Instead, use "award received" (P166) on awardee's item, possibly qualified with "for work" (P1686). Not for wars or battles either. award, award ceremony, awards presented, award, award honor, award winner.
28	/film/film/country	P495	country of origin	country of origin of this item (creative work, food, phrase, product, etc.). film, film, country.
29	/olympics/olympic_sport/athletes./olympics/olympic_athlete_affiliation/country	P495	country of origin	country of origin of this item (creative work, food, phrase, product, etc.). olympics, olympic sport, athletes, olympics, olympic athlete affiliation, country.
30	/award/award_winning_work/awards_won./award/award_honor/award	P166	award received	award or recognition received by a person, organisation or creative work. award, award winning work, awards won, award, award honor, award.
31	/film/film/genre	P136	genre	creative work's genre or an artist's field of work (P101). Use main subject (P921) to relate creative works to their topic. film, film, genre.
32	/film/film_distributor/films_distributed./film/film_film_distributor_relationship/film	P272	production company	company that produced this film, audio or performing arts work. film, film distributor, films distributed, film, film film distributor relationship, film.
33	/location/statistical_region/rent50_2./measurement_unit/dated_money_value/currency	P38	currency	currency used by item. location, statistical region, rent50 2, measurement unit, dated money value, currency.
34	/film/film/estimated_budget./measurement_unit/dated_money_value/currency	P38	currency	currency used by item. film, film, estimated budget, measurement unit, dated money value, currency.
35	/government/legislative_session/members./government/government_position_held/district_represented	P1875	represented by	person or agency that represents or manages the subject
36	/sports/sports_team/roster./american_football/football_historical_roster_position/position_s	None	None	sports, sports team, roster, american football, football historical roster position, position s.
37	/government/government_office_category/officeholders./government/government_position_held/jurisdiction_of_office	P1001	applies to jurisdiction	the item (institution, law, public office, public register...) or statement belongs to or has power over or applies to the value (a territorial jurisdiction: a country, state, municipality, ...). government, government office category, officeholders, government, government position held, jurisdiction of office.
38	/award/award_nominee/award_nominations./award/award_nomination/nominated_for	P800	notable work	notable scientific, artistic or literary work, or other work of significance among subject's works. award, award nominee, award nominations, award, award nomination, nominated for.
39	/people/deceased_person/place_of_death	P20	place of death	most specific known (e.g. city instead of country, or hospital instead of city) death location of a person, animal or fictional character
40	/sports/pro_athlete/teams./sports/sports_team_roster/team	P54	member of sports team	sports teams or clubs that the subject currently represents or formerly represented. sports, pro athlete, teams, sports, sports team roster, team.
41	/music/artist/track_contributions./music/track_contribution/role	P1303	instrument	musical instrument that a person plays or teaches or used in a music occupation. music, artist, track contributions, music, track contribution, role.
42	/music/instrument/instrumentalists	P1303	instrument	musical instrument that a person plays or teaches or used in a music occupation. music, instrument, instrumentalists.
43	/people/person/gender	P21	sex or gender	sex or gender identity of human or animal. For human: male, female, non-binary, intersex, transgender female, transgender male, agender. For animal: male organism, female organism. Groups of same gender use subclass of (P279)
44	/business/job_title/people_with_this_title./business/employment_tenure/company	None	None	business, job title, people with this title, business, employment tenure, company.
45	/base/popstra/celebrity/friendship./base/popstra/friendship/participant	None	None	base, popstra, celebrity, friendship, base, popstra, friendship, participant.
46	/business/business_operation/industry	P452	industry	specific industry of company or organization
47	/award/award_category/winners./award/award_honor/award_winner	P1346	winner	winner of a competition or similar event - do not use  on award items. Instead, use "award received" (P166) on awardee's item, possibly qualified with "for work" (P1686). Not for wars or battles either. award, award category, winners, award, award honor, award winner.
48	/people/person/nationality	P27	country of citizenship	the object is a country that recognizes the subject as its citizen
49	/sports/sports_team/roster./baseball/baseball_roster_position/position	None	None	sports, sports team, roster, baseball, baseball roster position, position.
50	/people/cause_of_death/people	P509	cause of death	underlying or immediate cause of death.  Underlying cause (e.g. car accident, stomach cancer) preferred.  Use 'manner of death' (P1196) for broadest category, e.g. natural causes, accident, homicide, suicide
51	/tv/tv_program/languages	P364	original language of film or TV show	language in which a film or a performance work was originally created. Deprecated for written works and songs; use P407 ("language of work or name") instead.. tv, tv program, languages.
52	/music/genre/parent_genre	P279	subclass of	next higher class or type; all instances of these items are instances of those items; this item is a class (subset) of that item. Not to be confused with P31 (instance of). music, genre, parent genre.
53	/base/popstra/celebrity/breakup./base/popstra/breakup/participant	None	None	base, popstra, celebrity, breakup, base, popstra, breakup, participant.
54	/location/country/capital	P36	capital	seat of government of a country, province, state or other type of administrative territorial entity. location, country, capital.
55	/film/special_film_performance_type/film_performance_type./film/performance/film	None	None	film, special film performance type, film performance type, film, performance, film.
56	/location/hud_county_place/place	P2959	permanent duplicated item	this item duplicates another item and the two can't be merged, as one Wikimedia project includes two pages, e. g. in different scripts or languages (applies to some wiki, e.g.: cdowiki, gomwiki). Use "duplicate item" for other wikis.. location, hud county place, place.
57	/music/performance_role/guest_performances./music/recording_contribution/performance_role	None	None	music, performance role, guest performances, music, recording contribution, performance role.
58	/location/location/adjoin_s./location/adjoining_relationship/adjoins	P47	shares border with	countries or administrative subdivisions, of equal level, that this item borders, either by land or water. A single common point is enough.
59	/film/film_subject/films	P921	main subject	primary topic of a work (see also P180: depicts)
60	/base/schemastaging/person_extra/net_worth./measurement_unit/dated_money_value/currency	P38	currency	currency used by item. base, schemastaging, person extra, net worth, measurement unit, dated money value, currency.
61	/education/educational_institution/colors	P6364	official color or colors	official color or colors chosen to represent or identify an item. education, educational institution, colors.
62	/base/aareas/schema/administrative_area/administrative_parent	P131	located in the administrative territorial entity	the item is located on the territory of the following administrative entity. Use P276 (location) for specifying locations that are non-administrative places and for items about events. base, aareas, schema, administrative area, administrative parent.
63	/organization/role/leaders./organization/leadership/organization	P1001	applies to jurisdiction	the item (institution, law, public office, public register...) or statement belongs to or has power over or applies to the value (a territorial jurisdiction: a country, state, municipality, ...). organization, role, leaders, organization, leadership, organization.
64	/government/legislative_session/members./government/government_position_held/legislative_sessions	P1709	equivalent class	equivalent class in other ontologies (use property URI)
65	/olympics/olympic_games/sports	None	None	olympics, olympic games, sports.
66	/people/person/places_lived./people/place_lived/location	P551	residence	the place where the person is or has been, resident
67	/award/award_category/disciplines_or_subjects	None	None	award, award category, disciplines or subjects.
68	/sports/professional_sports_team/draft_picks./sports/sports_league_draft_pick/school	None	None	sports, professional sports team, draft picks, sports, sports league draft pick, school.
69	/olympics/olympic_participating_country/medals_won./olympics/olympic_medal_honor/olympics	P793	significant event	significant or notable events associated with the subject
70	/language/human_language/countries_spoken_in	P17	country	sovereign state of this item (not to be used for human beings). language, human language, countries spoken in.
71	/people/ethnicity/people	P172	ethnic group	subject's ethnicity (consensus is that a VERY high standard of proof is needed for this field to be used. In general this means 1) the subject claims it themself, or 2) it is widely agreed on by scholars, or 3) is fictional and portrayed as such)
72	/olympics/olympic_participating_country/athletes./olympics/olympic_athlete_affiliation/olympics	None	None	olympics, olympic participating country, athletes, olympics, olympic athlete affiliation, olympics.
73	/olympics/olympic_participating_country/medals_won./olympics/olympic_medal_honor/medal	None	None	olympics, olympic participating country, medals won, olympics, olympic medal honor, medal.
74	/film/film/other_crew./film/film_crew_gig/crewmember	P3092	film crew member	member of the crew creating an audiovisual work, used for miscellaneous roles qualified with the job title when no specific property exists. Don't use if such a property is available: notably for cast member (P161), director (P57), etc.
75	/music/performance_role/track_performances./music/track_contribution/role	None	None	music, performance role, track performances, music, track contribution, role.
76	/music/record_label/artist	None	None	music, record label, artist.
77	/base/popstra/celebrity/dated./base/popstra/dated/participant	P451	unmarried partner	someone with whom the person is in a relationship without being married. Use "spouse" (P26) for married couples. base, popstra, celebrity, dated, base, popstra, dated, participant.
78	/base/locations/continents/countries_within	P527	has part	part of this subject; inverse property of "part of" (P361). See also "has parts of the class" (P2670).. base, locations, continents, countries within.
79	/sports/sports_league_draft/picks./sports/sports_league_draft_pick/school	None	None	sports, sports league draft, picks, sports, sports league draft pick, school.
80	/sports/sports_team/sport	P641	sport	sport that the subject participates or participated in or is associated with. sports, sports team, sport.
81	/education/educational_institution_campus/educational_institution	P2959	permanent duplicated item	this item duplicates another item and the two can't be merged, as one Wikimedia project includes two pages, e. g. in different scripts or languages (applies to some wiki, e.g.: cdowiki, gomwiki). Use "duplicate item" for other wikis.. education, educational institution campus, educational institution.
82	/people/person/religion	P140	religion	religion of a person, organization or religious building, or associated with this subject
83	/organization/organization/headquarters./location/mailing_address/citytown	P159	headquarters location	city, where an organization's headquarters is or has been situated. Use P276 qualifier for specific building. organization, organization, headquarters, location, mailing address, citytown.
84	/film/film/produced_by	P162	producer	person(s) who produced the film, musical work, theatrical production, etc. (for film, this does not include executive producers, associate producers, etc.) [for production company, use P272, video games - use P178]
85	/people/person/spouse_s./people/marriage/type_of_union	None	None	people, person, spouse s, people, marriage, type of union.
86	/film/film/production_companies	P272	production company	company that produced this film, audio or performing arts work. film, film, production companies.
87	/location/country/second_level_divisions	P150	contains administrative territorial entity	(list of) direct subdivisions of an administrative territorial entity. location, country, second level divisions.
88	/base/culturalevent/event/entity_involved	P710	participant	person, group of people or organization (object) that actively takes/took part in an event or process (subject).  Preferably qualify with "object has role" (P3831). Use P1923 for participants that are teams.. base, culturalevent, event, entity involved.
89	/education/educational_degree/people_with_this_degree./education/education/institution	None	None	education, educational degree, people with this degree, education, education, institution.
90	/film/film/distributors./film/film_film_distributor_relationship/film_distribution_medium	P437	distribution format	method (or type) of distribution for the subject. film, film, distributors, film, film film distributor relationship, film distribution medium.
91	/tv/tv_program/tv_producer./tv/tv_producer_term/producer_type	None	None	tv, tv program, tv producer, tv, tv producer term, producer type.
92	/music/performance_role/regular_performances./music/group_membership/group	P1303	instrument	musical instrument that a person plays or teaches or used in a music occupation. music, performance role, regular performances, music, group membership, group.
93	/government/politician/government_positions_held./government/government_position_held/legislative_sessions	None	None	government, politician, government positions held, government, government position held, legislative sessions.
94	/sports/sports_team_location/teams	None	None	sports, sports team location, teams.
95	/sports/sports_team/colors	P6364	official color or colors	official color or colors chosen to represent or identify an item. sports, sports team, colors.
96	/sports/professional_sports_team/draft_picks./sports/sports_league_draft_pick/draft	None	None	sports, professional sports team, draft picks, sports, sports league draft pick, draft.
97	/award/award_nominated_work/award_nominations./award/award_nomination/nominated_for	None	None	award, award nominated work, award nominations, award, award nomination, nominated for.
98	/baseball/baseball_team/team_stats./baseball/baseball_team_stats/season	None	None	baseball, baseball team, team stats, baseball, baseball team stats, season.
99	/user/alexander/philosophy/philosopher/interests	P101	field of work	specialization of a person or organization; see P106 for the occupation
100	/people/person/languages	P1412	languages spoken, written or signed	language(s) that a person or a people speaks, writes or signs, including the native language(s). people, person, languages.
101	/education/educational_institution/students_graduates./education/education/major_field_of_study	None	None	education, educational institution, students graduates, education, education, major field of study.
102	/film/director/film	P57	director	director(s) of film, TV-series, stageplay, video game or similar
103	/award/award_ceremony/awards_presented./award/award_honor/honored_for	P166	award received	award or recognition received by a person, organisation or creative work. award, award ceremony, awards presented, award, award honor, honored for.
104	/olympics/olympic_sport/athletes./olympics/olympic_athlete_affiliation/olympics	None	None	olympics, olympic sport, athletes, olympics, olympic athlete affiliation, olympics.
105	/film/film/costume_design_by	P2515	costume designer	person who designed the costumes for a film, television programme, etc
106	/film/film/featured_film_locations	P915	filming location	actual place where this scene/film was shot. For the setting, use "narrative location" (P840)
107	/tv/tv_program/genre	P136	genre	creative work's genre or an artist's field of work (P101). Use main subject (P921) to relate creative works to their topic. tv, tv program, genre.
108	/organization/endowed_organization/endowment./measurement_unit/dated_money_value/currency	P38	currency	currency used by item. organization, endowed organization, endowment, measurement unit, dated money value, currency.
109	/film/film/written_by	P58	screenwriter	person(s) who wrote the script for subject item. film, film, written by.
110	/tv/tv_producer/programs_produced./tv/tv_producer_term/producer_type	P106	occupation	occupation of a person; see also "field of work" (Property:P101), "position held" (Property:P39). tv, tv producer, programs produced, tv, tv producer term, producer type.
111	/location/hud_county_place/county	P131	located in the administrative territorial entity	the item is located on the territory of the following administrative entity. Use P276 (location) for specifying locations that are non-administrative places and for items about events. location, hud county place, county.
112	/education/educational_degree/people_with_this_degree./education/education/major_field_of_study	None	None	education, educational degree, people with this degree, education, education, major field of study.
113	/base/schemastaging/organization_extra/phone_number./base/schemastaging/phone_sandbox/contact_category	None	None	base, schemastaging, organization extra, phone number, base, schemastaging, phone sandbox, contact category.
114	/base/saturdaynightlive/snl_cast_member/seasons./base/saturdaynightlive/snl_season_tenure/cast_members	None	None	base, saturdaynightlive, snl cast member, seasons, base, saturdaynightlive, snl season tenure, cast members.
115	/film/film/film_format	P3803	original film format	film format used to create a work (aliases: film gauge, film size)
116	/film/film/music	P86	composer	person(s) who wrote the music [for lyricist, use "lyrics by" (P676)]
117	/sports/sports_team/roster./american_football/football_roster_position/position	None	None	sports, sports team, roster, american football, football roster position, position.
118	/user/tsegaran/random/taxonomy_subject/entry./user/tsegaran/random/taxonomy_entry/taxonomy	None	None	user, tsegaran, random, taxonomy subject, entry, user, tsegaran, random, taxonomy entry, taxonomy.
119	/celebrities/celebrity/celebrity_friends./celebrities/friendship/friend	P3342	significant person	person linked to the item in any possible way
120	/location/hud_foreclosure_area/estimated_number_of_mortgages./measurement_unit/dated_integer/source	None	None	location, hud foreclosure area, estimated number of mortgages, measurement unit, dated integer, source.
121	/base/x2010fifaworldcupsouthafrica/world_cup_squad/current_world_cup_squad./base/x2010fifaworldcupsouthafrica/current_world_cup_squad/current_club	None	None	base, x2010fifaworldcupsouthafrica, world cup squad, current world cup squad, base, x2010fifaworldcupsouthafrica, current world cup squad, current club.
122	/base/popstra/location/vacationers./base/popstra/vacation_choice/vacationer	None	None	base, popstra, location, vacationers, base, popstra, vacation choice, vacationer.
123	/base/popstra/celebrity/canoodled./base/popstra/canoodled/participant	None	None	base, popstra, celebrity, canoodled, base, popstra, canoodled, participant.
124	/education/educational_institution/school_type	P31	instance of	that class of which this subject is a particular example and member. education, educational institution, school type.
125	/sports/sport/pro_athletes./sports/pro_sports_played/athlete	P641	sport	sport that the subject participates or participated in or is associated with. sports, sport, pro athletes, sports, pro sports played, athlete.
126	/award/hall_of_fame/inductees./award/hall_of_fame_induction/inductee	None	None	award, hall of fame, inductees, award, hall of fame induction, inductee.
127	/base/biblioness/bibs_location/state	P131	located in the administrative territorial entity	the item is located on the territory of the following administrative entity. Use P276 (location) for specifying locations that are non-administrative places and for items about events. base, biblioness, bibs location, state.
128	/education/university/local_tuition./measurement_unit/dated_money_value/currency	P38	currency	currency used by item. education, university, local tuition, measurement unit, dated money value, currency.
129	/business/business_operation/revenue./measurement_unit/dated_money_value/currency	P38	currency	currency used by item. business, business operation, revenue, measurement unit, dated money value, currency.
130	/sports/sports_position/players./sports/sports_team_roster/team	None	None	sports, sports position, players, sports, sports team roster, team.
131	/military/military_conflict/combatants./military/military_combatant_group/combatants	P710	participant	person, group of people or organization (object) that actively takes/took part in an event or process (subject).  Preferably qualify with "object has role" (P3831). Use P1923 for participants that are teams.. military, military conflict, combatants, military, military combatant group, combatants.
132	/sports/sports_league/teams./sports/sports_league_participation/team	P710	participant	person, group of people or organization (object) that actively takes/took part in an event or process (subject).  Preferably qualify with "object has role" (P3831). Use P1923 for participants that are teams.. sports, sports league, teams, sports, sports league participation, team.
133	/base/biblioness/bibs_location/country	P17	country	sovereign state of this item (not to be used for human beings). base, biblioness, bibs location, country.
134	/music/group_member/membership./music/group_membership/role	P1303	instrument	musical instrument that a person plays or teaches or used in a music occupation. music, group member, membership, music, group membership, role.
135	/location/administrative_division/country	P17	country	sovereign state of this item (not to be used for human beings). location, administrative division, country.
136	/film/film/executive_produced_by	P1431	executive producer	executive producer of a movie or TV show
137	/food/food/nutrients./food/nutrition_fact/nutrient	P527	has part	part of this subject; inverse property of "part of" (P361). See also "has parts of the class" (P2670).. food, food, nutrients, food, nutrition fact, nutrient.
138	/music/group_member/membership./music/group_membership/group	P463	member of	organization, club or musical group to which the subject belongs. Do not use for membership in ethnic or social groups, nor for holding a position such as a member of parliament (use P39 for that).. music, group member, membership, music, group membership, group.
139	/location/statistical_region/gdp_nominal_per_capita./measurement_unit/dated_money_value/currency	P38	currency	currency used by item. location, statistical region, gdp nominal per capita, measurement unit, dated money value, currency.
140	/education/field_of_study/students_majoring./education/education/student	P812	academic major	subject someone studied at college/university
141	/award/award_winning_work/awards_won./award/award_honor/honored_for	None	None	award, award winning work, awards won, award, award honor, honored for.
142	/sports/sports_team/roster./basketball/basketball_roster_position/position	None	None	sports, sports team, roster, basketball, basketball roster position, position.
143	/organization/organization/headquarters./location/mailing_address/state_province_region	P131	located in the administrative territorial entity	the item is located on the territory of the following administrative entity. Use P276 (location) for specifying locations that are non-administrative places and for items about events. organization, organization, headquarters, location, mailing address, state province region.
144	/base/aareas/schema/administrative_area/capital	P36	capital	seat of government of a country, province, state or other type of administrative territorial entity. base, aareas, schema, administrative area, capital.
145	/tv/tv_producer/programs_produced./tv/tv_producer_term/program	P36	capital	seat of government of a country, province, state or other type of administrative territorial entity. tv, tv producer, programs produced, tv, tv producer term, program.
146	/education/educational_institution/campuses	P2959	permanent duplicated item	this item duplicates another item and the two can't be merged, as one Wikimedia project includes two pages, e. g. in different scripts or languages (applies to some wiki, e.g.: cdowiki, gomwiki). Use "duplicate item" for other wikis.. education, educational institution, campuses.
147	/film/film/distributors./film/film_film_distributor_relationship/region	P495	country of origin	country of origin of this item (creative work, food, phrase, product, etc.). film, film, distributors, film, film film distributor relationship, region.
148	/travel/travel_destination/climate./travel/travel_destination_monthly_climate/month	None	None	travel, travel destination, climate, travel, travel destination monthly climate, month.
149	/medicine/disease/notable_people_with_this_condition	P1050	medical condition	any state relevant to the health of an organism, including diseases and positive conditions
150	/base/schemastaging/organization_extra/phone_number./base/schemastaging/phone_sandbox/service_location	P17	country	sovereign state of this item (not to be used for human beings). base, schemastaging, organization extra, phone number, base, schemastaging, phone sandbox, service location.
151	/people/ethnicity/geographic_distribution	P17	country	sovereign state of this item (not to be used for human beings). people, ethnicity, geographic distribution.
152	/military/military_combatant/military_conflicts./military/military_combatant_group/combatants	P530	diplomatic relation	diplomatic relations of the country. military, military combatant, military conflicts, military, military combatant group, combatants.
153	/film/film/personal_appearances./film/personal_film_appearance/person	P161	cast member	actor in the subject production [use "character role" (P453) and/or "name of the character role" (P4633) as qualifiers] [use "voice actor" (P725) for voice-only role]. film, film, personal appearances, film, personal film appearance, person.
154	/location/location/time_zones	P421	located in time zone	time zone for this item
155	/film/film/story_by	P58	screenwriter	person(s) who wrote the script for subject item. film, film, story by.
156	/base/petbreeds/city_with_dogs/top_breeds./base/petbreeds/dog_city_relationship/dog_breed	None	None	base, petbreeds, city with dogs, top breeds, base, petbreeds, dog city relationship, dog breed.
157	/olympics/olympic_games/participating_countries	P17	country	sovereign state of this item (not to be used for human beings). olympics, olympic games, participating countries.
158	/tv/tv_network/programs./tv/tv_network_duration/program	None	None	tv, tv network, programs, tv, tv network duration, program.
159	/people/person/employment_history./business/employment_tenure/company	P108	employer	person or organization for which the subject works or worked
160	/music/artist/origin	P19	place of birth	most specific known (e.g. city instead of country, or hospital instead of city) birth location of a person, animal or fictional character. music, artist, origin.
161	/people/marriage_union_type/unions_of_this_type./people/marriage/location_of_ceremony	None	None	people, marriage union type, unions of this type, people, marriage, location of ceremony.
162	/tv/tv_writer/tv_programs./tv/tv_program_writer_relationship/tv_program	P800	notable work	notable scientific, artistic or literary work, or other work of significance among subject's works. tv, tv writer, tv programs, tv, tv program writer relationship, tv program.
163	/time/event/locations	P276	location	location of the object, structure or event. In the case of an administrative entity as containing item use P131 for statistical entities P8138. In the case of a geographic entity use P706. Use P7153 for locations associated with the object.
164	/celebrities/celebrity/sexual_relationships./celebrities/romantic_relationship/celebrity	P451	unmarried partner	someone with whom the person is in a relationship without being married. Use "spouse" (P26) for married couples. celebrities, celebrity, sexual relationships, celebrities, romantic relationship, celebrity.
165	/government/political_party/politicians_in_this_party./government/political_party_tenure/politician	P488	chairperson	presiding member of an organization, group or body
166	/education/university/domestic_tuition./measurement_unit/dated_money_value/currency	P38	currency	currency used by item. education, university, domestic tuition, measurement unit, dated money value, currency.
167	/organization/non_profit_organization/registered_with./organization/non_profit_registration/registering_agency	None	None	organization, non profit organization, registered with, organization, non profit registration, registering agency.
168	/user/ktrueman/default_domain/international_organization/member_states	P150	contains administrative territorial entity	(list of) direct subdivisions of an administrative territorial entity. user, ktrueman, default domain, international organization, member states.
169	/american_football/football_team/current_roster./sports/sports_team_roster/position	None	None	american football, football team, current roster, sports, sports team roster, position.
170	/soccer/football_player/current_team./sports/sports_team_roster/team	P54	member of sports team	sports teams or clubs that the subject currently represents or formerly represented. soccer, football player, current team, sports, sports team roster, team.
171	/olympics/olympic_games/medals_awarded./olympics/olympic_medal_honor/medal	None	None	olympics, olympic games, medals awarded, olympics, olympic medal honor, medal.
172	/award/ranked_item/appears_in_ranked_lists./award/ranking/list	P166	award received	award or recognition received by a person, organisation or creative work. award, ranked item, appears in ranked lists, award, ranking, list.
173	/film/film_set_designer/film_sets_designed	None	None	film, film set designer, film sets designed.
174	/user/jg/default_domain/olympic_games/sports	None	None	user, jg, default domain, olympic games, sports.
175	/people/person/sibling_s./people/sibling_relationship/sibling	P3373	sibling	the subject has the object as their sibling (brother, sister, etc.). Use "relative" (P1038) for siblings-in-law (brother-in-law, sister-in-law, etc.) and step-siblings (step-brothers, step-sisters, etc.)
176	/base/marchmadness/ncaa_basketball_tournament/seeds./base/marchmadness/ncaa_tournament_seed/team	None	None	base, marchmadness, ncaa basketball tournament, seeds, base, marchmadness, ncaa tournament seed, team.
177	/music/artist/contribution./music/recording_contribution/performance_role	P1303	instrument	musical instrument that a person plays or teaches or used in a music occupation. music, artist, contribution, music, recording contribution, performance role.
178	/sports/sports_position/players./sports/sports_team_roster/position	None	None	sports, sports position, players, sports, sports team roster, position.
179	/government/politician/government_positions_held./government/government_position_held/basic_title	P39	position held	subject currently or formerly holds the object position or public office
180	/sports/sports_position/players./american_football/football_historical_roster_position/position_s	None	None	sports, sports position, players, american football, football historical roster position, position s.
181	/people/profession/specialization_of	P279	subclass of	next higher class or type; all instances of these items are instances of those items; this item is a class (subset) of that item. Not to be confused with P31 (instance of). people, profession, specialization of.
182	/award/award_category/category_of	P31	instance of	that class of which this subject is a particular example and member. award, award category, category of.
183	/film/film/cinematography	P344	director of photography	person responsible for the framing, lighting, and filtration of the subject work
184	/film/film/film_production_design_by	P2554	production designer	production designer(s) of this motion picture, play, video game or similar
185	/tv/tv_program/country_of_origin	P495	country of origin	country of origin of this item (creative work, food, phrase, product, etc.). tv, tv program, country of origin.
186	/film/film/edited_by	P1040	film editor	person who works with the raw footage, selecting shots and combining them into sequences to create a finished motion picture
187	/tv/tv_personality/tv_regular_appearances./tv/tv_regular_personal_appearance/program	P800	notable work	notable scientific, artistic or literary work, or other work of significance among subject's works. tv, tv personality, tv regular appearances, tv, tv regular personal appearance, program.
188	/education/field_of_study/students_majoring./education/education/major_field_of_study	None	None	education, field of study, students majoring, education, education, major field of study.
189	/education/educational_degree/people_with_this_degree./education/education/student	P512	academic degree	academic degree that the person holds
190	/location/us_county/county_seat	P36	capital	seat of government of a country, province, state or other type of administrative territorial entity. location, us county, county seat.
191	/film/film/film_festivals	None	None	film, film, film festivals.
192	/people/person/spouse_s./people/marriage/spouse	P26	spouse	the subject has the object as their spouse (husband, wife, partner, etc.). Use "unmarried partner" (P451) for non-married companions
193	/film/film/runtime./film/film_cut/film_release_region	P495	country of origin	country of origin of this item (creative work, food, phrase, product, etc.). film, film, runtime, film, film cut, film release region.
194	/location/capital_of_administrative_division/capital_of./location/administrative_division_capital_relationship/administrative_division	P131	located in the administrative territorial entity	the item is located on the territory of the following administrative entity. Use P276 (location) for specifying locations that are non-administrative places and for items about events. location, capital of administrative division, capital of, location, administrative division capital relationship, administrative division.
195	/base/aareas/schema/administrative_area/administrative_area_type	None	None	base, aareas, schema, administrative area, administrative area type.
196	/influence/influence_node/peers./influence/peer_relationship/peers	None	None	influence, influence node, peers, influence, peer relationship, peers.
197	/government/governmental_body/members./government/government_position_held/legislative_sessions	None	None	government, governmental body, members, government, government position held, legislative sessions.
198	/base/schemastaging/organization_extra/phone_number./base/schemastaging/phone_sandbox/service_language	P2936	language used	language widely used (spoken or written) in this place or at this event. base, schemastaging, organization extra, phone number, base, schemastaging, phone sandbox, service language.
199	/organization/organization/place_founded	P159	headquarters location	city, where an organization's headquarters is or has been situated. Use P276 qualifier for specific building. organization, organization, place founded.
200	/base/eating/practicer_of_diet/diet	P1576	lifestyle	typical way of life of an individual, group, or culture
201	/tv/tv_program/program_creator	P170	creator	maker of this creative work or other object (where no more specific property exists). Paintings with unknown painters, use "anonymous" (Q4233718) as value.
202	/people/deceased_person/place_of_burial	P119	place of burial	location of grave, resting place, place of ash-scattering, etc. (e.g., town/city or cemetery) for a person or animal. There may be several places: e.g., re-burials, parts of body buried separately.
203	/film/film/release_date_s./film/film_regional_release_date/film_regional_debut_venue	None	None	film, film, release date s, film, film regional release date, film regional debut venue.
204	/ice_hockey/hockey_team/current_roster./sports/sports_team_roster/position	None	None	ice hockey, hockey team, current roster, sports, sports team roster, position.
205	/location/administrative_division/first_level_division_of	P131	located in the administrative territorial entity	the item is located on the territory of the following administrative entity. Use P276 (location) for specifying locations that are non-administrative places and for items about events. location, administrative division, first level division of.
206	/location/statistical_region/gdp_real./measurement_unit/adjusted_money_value/adjustment_currency	P38	currency	currency used by item. location, statistical region, gdp real, measurement unit, adjusted money value, adjustment currency.
207	/organization/organization/child./organization/organization_relationship/child	P355	subsidiary	subsidiary of a company or organization; generally a fully owned separate corporation. Compare with "business division" (P199). Opposite of parent organization (P749).
208	/business/business_operation/assets./measurement_unit/dated_money_value/currency	P38	currency	currency used by item. business, business operation, assets, measurement unit, dated money value, currency.
209	/film/person_or_entity_appearing_in_film/films./film/personal_film_appearance/type_of_appearance	None	None	film, person or entity appearing in film, films, film, personal film appearance, type of appearance.
210	/time/event/instance_of_recurring_event	P179	part of the series	series which contains the subject
211	/tv/non_character_role/tv_regular_personal_appearances./tv/tv_regular_personal_appearance/person	None	None	tv, non character role, tv regular personal appearances, tv, tv regular personal appearance, person.
212	/film/actor/film./film/performance/special_performance_type	P106	occupation	occupation of a person; see also "field of work" (Property:P101), "position held" (Property:P39). film, actor, film, film, performance, special performance type.
213	/business/business_operation/operating_income./measurement_unit/dated_money_value/currency	P38	currency	currency used by item. business, business operation, operating income, measurement unit, dated money value, currency.
214	/people/ethnicity/languages_spoken	P103	native language	language or languages a person has learned from early childhood
215	/base/americancomedy/celebrity_impressionist/celebrities_impersonated	None	None	base, americancomedy, celebrity impressionist, celebrities impersonated.
216	/medicine/symptom/symptom_of	None	None	medicine, symptom, symptom of.
217	/education/university/fraternities_and_sororities	None	None	education, university, fraternities and sororities.
218	/location/statistical_region/places_exported_to./location/imports_and_exports/exported_to	P530	diplomatic relation	diplomatic relations of the country. location, statistical region, places exported to, location, imports and exports, exported to.
219	/location/statistical_region/gdp_nominal./measurement_unit/dated_money_value/currency	P38	currency	currency used by item. location, statistical region, gdp nominal, measurement unit, dated money value, currency.
220	/travel/travel_destination/how_to_get_here./travel/transportation/mode_of_transportation	None	None	travel, travel destination, how to get here, travel, transportation, mode of transportation.
221	/location/country/official_language	P2936	language used	language widely used (spoken or written) in this place or at this event. location, country, official language.
222	/location/location/partially_contains	None	None	location, location, partially contains.
223	/film/film/film_art_direction_by	P3174	art director	person credited as the art director/artistic director of this work
224	/people/person/spouse_s./people/marriage/location_of_ceremony	P2842	place of marriage	location where the marriage was celebrated. Use as qualifier for property "spouse" (P26)
225	/education/university/international_tuition./measurement_unit/dated_money_value/currency	P38	currency	currency used by item. education, university, international tuition, measurement unit, dated money value, currency.
226	/organization/organization_founder/organizations_founded	P112	founded by	founder or co-founder of this organization, religion or place
227	/film/film/dubbing_performances./film/dubbing_performance/actor	P725	voice actor	performer of a spoken role in a creative work such as animation, video game, radio drama, or dubbing over [use "character role" (P453) as qualifier] [use "cast member" (P161) for live acting]
228	/dataworld/gardening_hint/split_to	None	None	dataworld, gardening hint, split to.
229	/medicine/disease/risk_factors	P5642	risk factor	factor associated with a high prevalence of a particular gene, disease or characteristic. These factors can be country of origin, country of citizenship, race, gender, occupation, anamnesis, etc.
230	/film/film/prequel	P155	follows	immediately prior item in a series of which the subject is a part [if the subject has replaced the preceding item, e.g. political offices, use "replaces" (P1365)]
231	/base/localfood/seasonal_month/produce_available./base/localfood/produce_availability/seasonal_months	None	None	base, localfood, seasonal month, produce available, base, localfood, produce availability, seasonal months.
232	/film/actor/dubbing_performances./film/dubbing_performance/language	P1412	languages spoken, written or signed	language(s) that a person or a people speaks, writes or signs, including the native language(s). film, actor, dubbing performances, film, dubbing performance, language.
233	/broadcast/content/artist	None	None	broadcast, content, artist.
234	/location/statistical_region/gni_per_capita_in_ppp_dollars./measurement_unit/dated_money_value/currency	P38	currency	currency used by item. location, statistical region, gni per capita in ppp dollars, measurement unit, dated money value, currency.
235	/music/instrument/family	P279	subclass of	next higher class or type; all instances of these items are instances of those items; this item is a class (subset) of that item. Not to be confused with P31 (instance of). music, instrument, family.
236	/government/politician/government_positions_held./government/government_position_held/jurisdiction_of_office	P945	allegiance	country (or other power) that the person or organization serves
